{
  "ci_width_ratio_cluster_over_standard": 20.11955228980533,
  "cluster_bootstrap_ci95_hi": 0.9245300861130094,
  "cluster_bootstrap_ci95_lo": 0.9105260338070037,
  "cluster_bootstrap_mean": 0.91636976998097,
  "cluster_bootstrap_n_iters": 10000,
  "cluster_bootstrap_seed": 2026,
  "computed_at": "2026-05-06T11:59:59.682276+00:00",
  "description": "P2.1 LOTO cluster bootstrap on mamba\u00d7fedavg\u00d7iid (n=10 seeds \u00d7 3 test tr configs)",
  "n_seeds": 10,
  "per_cell": [
    {
      "overall_test_auc": 0.9162341495332345,
      "per_tr": {
        "25": {
          "n_seqs": 656273,
          "pos_rate": 0.2973366379737854,
          "test_auc": 0.924227741525058
        },
        "26": {
          "n_seqs": 638570,
          "pos_rate": 0.3139420747756958,
          "test_auc": 0.9103045206912793
        },
        "27": {
          "n_seqs": 632173,
          "pos_rate": 0.30762940645217896,
          "test_auc": 0.913634299500639
        }
      },
      "seed": 42
    },
    {
      "overall_test_auc": 0.9165453638731645,
      "per_tr": {
        "25": {
          "n_seqs": 656273,
          "pos_rate": 0.2973366379737854,
          "test_auc": 0.9248017571029858
        },
        "26": {
          "n_seqs": 638570,
          "pos_rate": 0.3139420747756958,
          "test_auc": 0.9104380780259413
        },
        "27": {
          "n_seqs": 632173,
          "pos_rate": 0.30762940645217896,
          "test_auc": 0.9139797639389363
        }
      },
      "seed": 0
    },
    {
      "overall_test_auc": 0.9155398489788245,
      "per_tr": {
        "25": {
          "n_seqs": 656273,
          "pos_rate": 0.2973366379737854,
          "test_auc": 0.923781807135032
        },
        "26": {
          "n_seqs": 638570,
          "pos_rate": 0.3139420747756958,
          "test_auc": 0.908873521335595
        },
        "27": {
          "n_seqs": 632173,
          "pos_rate": 0.30762940645217896,
          "test_auc": 0.9136811809172803
        }
      },
      "seed": 1
    },
    {
      "overall_test_auc": 0.9171862463849558,
      "per_tr": {
        "25": {
          "n_seqs": 656273,
          "pos_rate": 0.2973366379737854,
          "test_auc": 0.9250970671217901
        },
        "26": {
          "n_seqs": 638570,
          "pos_rate": 0.3139420747756958,
          "test_auc": 0.911153570920551
        },
        "27": {
          "n_seqs": 632173,
          "pos_rate": 0.30762940645217896,
          "test_auc": 0.9147209672893395
        }
      },
      "seed": 2
    },
    {
      "overall_test_auc": 0.916529752071174,
      "per_tr": {
        "25": {
          "n_seqs": 656273,
          "pos_rate": 0.2973366379737854,
          "test_auc": 0.9239004835902838
        },
        "26": {
          "n_seqs": 638570,
          "pos_rate": 0.3139420747756958,
          "test_auc": 0.9110820241502513
        },
        "27": {
          "n_seqs": 632173,
          "pos_rate": 0.30762940645217896,
          "test_auc": 0.9142872770854182
        }
      },
      "seed": 3
    },
    {
      "overall_test_auc": 0.91619810275068,
      "per_tr": {
        "25": {
          "n_seqs": 656273,
          "pos_rate": 0.2973366379737854,
          "test_auc": 0.9244988224755785
        },
        "26": {
          "n_seqs": 638570,
          "pos_rate": 0.3139420747756958,
          "test_auc": 0.9099949685534406
        },
        "27": {
          "n_seqs": 632173,
          "pos_rate": 0.30762940645217896,
          "test_auc": 0.9133853128148
        }
      },
      "seed": 4
    },
    {
      "overall_test_auc": 0.9162435539919751,
      "per_tr": {
        "25": {
          "n_seqs": 656273,
          "pos_rate": 0.2973366379737854,
          "test_auc": 0.924633636751466
        },
        "26": {
          "n_seqs": 638570,
          "pos_rate": 0.3139420747756958,
          "test_auc": 0.910110000188263
        },
        "27": {
          "n_seqs": 632173,
          "pos_rate": 0.30762940645217896,
          "test_auc": 0.9135411658046972
        }
      },
      "seed": 5
    },
    {
      "overall_test_auc": 0.9163769080160319,
      "per_tr": {
        "25": {
          "n_seqs": 656273,
          "pos_rate": 0.2973366379737854,
          "test_auc": 0.9239688639078999
        },
        "26": {
          "n_seqs": 638570,
          "pos_rate": 0.3139420747756958,
          "test_auc": 0.9102477811056715
        },
        "27": {
          "n_seqs": 632173,
          "pos_rate": 0.30762940645217896,
          "test_auc": 0.9143749157360768
        }
      },
      "seed": 6
    },
    {
      "overall_test_auc": 0.9169226073323987,
      "per_tr": {
        "25": {
          "n_seqs": 656273,
          "pos_rate": 0.2973366379737854,
          "test_auc": 0.9248867190484195
        },
        "26": {
          "n_seqs": 638570,
          "pos_rate": 0.3139420747756958,
          "test_auc": 0.9113730019584785
        },
        "27": {
          "n_seqs": 632173,
          "pos_rate": 0.30762940645217896,
          "test_auc": 0.9142137801271173
        }
      },
      "seed": 7
    },
    {
      "overall_test_auc": 0.9175143456675436,
      "per_tr": {
        "25": {
          "n_seqs": 656273,
          "pos_rate": 0.2973366379737854,
          "test_auc": 0.92550396247158
        },
        "26": {
          "n_seqs": 638570,
          "pos_rate": 0.3139420747756958,
          "test_auc": 0.911682871140565
        },
        "27": {
          "n_seqs": 632173,
          "pos_rate": 0.30762940645217896,
          "test_auc": 0.9148009811051029
        }
      },
      "seed": 8
    }
  ],
  "sigma_init_across_seeds": 0.000561499462461549,
  "sigma_ratio_tr_over_init": 12.977575676554942,
  "sigma_tr_within_cell_mean": 0.007286901766439673,
  "standard_seed_paired_ci95_hi": 0.9168771088324407,
  "standard_seed_paired_ci95_lo": 0.916181066887556,
  "test_tr_values": [
    25,
    26,
    27
  ]
}