{
  "ci_width_ratio_cluster_over_standard": 28.000426180445945,
  "cluster_bootstrap_ci95_hi": 0.9239814038959397,
  "cluster_bootstrap_ci95_lo": 0.9093887134031005,
  "cluster_bootstrap_mean": 0.9157539421148675,
  "cluster_bootstrap_n_iters": 10000,
  "cluster_bootstrap_seed": 2026,
  "computed_at": "2026-05-06T11:58:26.230237+00:00",
  "description": "P2.1 LOTO cluster bootstrap on lstm\u00d7fedavg\u00d7iid (n=10 seeds \u00d7 3 test tr configs)",
  "n_seeds": 10,
  "per_cell": [
    {
      "overall_test_auc": 0.9161521765514462,
      "per_tr": {
        "25": {
          "n_seqs": 656273,
          "pos_rate": 0.2973366379737854,
          "test_auc": 0.924055381570564
        },
        "26": {
          "n_seqs": 638570,
          "pos_rate": 0.3139420747756958,
          "test_auc": 0.9098086601056035
        },
        "27": {
          "n_seqs": 632173,
          "pos_rate": 0.30762940645217896,
          "test_auc": 0.9140152223182403
        }
      },
      "seed": 42
    },
    {
      "overall_test_auc": 0.9164154467689536,
      "per_tr": {
        "25": {
          "n_seqs": 656273,
          "pos_rate": 0.2973366379737854,
          "test_auc": 0.9245343993241532
        },
        "26": {
          "n_seqs": 638570,
          "pos_rate": 0.3139420747756958,
          "test_auc": 0.9097645146800446
        },
        "27": {
          "n_seqs": 632173,
          "pos_rate": 0.30762940645217896,
          "test_auc": 0.9143293108680353
        }
      },
      "seed": 0
    },
    {
      "overall_test_auc": 0.9149890417233425,
      "per_tr": {
        "25": {
          "n_seqs": 656273,
          "pos_rate": 0.2973366379737854,
          "test_auc": 0.9228834528557366
        },
        "26": {
          "n_seqs": 638570,
          "pos_rate": 0.3139420747756958,
          "test_auc": 0.9084356221713416
        },
        "27": {
          "n_seqs": 632173,
          "pos_rate": 0.30762940645217896,
          "test_auc": 0.9133157982372443
        }
      },
      "seed": 1
    },
    {
      "overall_test_auc": 0.9156596934495693,
      "per_tr": {
        "25": {
          "n_seqs": 656273,
          "pos_rate": 0.2973366379737854,
          "test_auc": 0.9239265910057436
        },
        "26": {
          "n_seqs": 638570,
          "pos_rate": 0.3139420747756958,
          "test_auc": 0.9095030256873529
        },
        "27": {
          "n_seqs": 632173,
          "pos_rate": 0.30762940645217896,
          "test_auc": 0.9134744723006878
        }
      },
      "seed": 2
    },
    {
      "overall_test_auc": 0.915713373576259,
      "per_tr": {
        "25": {
          "n_seqs": 656273,
          "pos_rate": 0.2973366379737854,
          "test_auc": 0.9235660634074077
        },
        "26": {
          "n_seqs": 638570,
          "pos_rate": 0.3139420747756958,
          "test_auc": 0.9094416235473556
        },
        "27": {
          "n_seqs": 632173,
          "pos_rate": 0.30762940645217896,
          "test_auc": 0.9136841154759109
        }
      },
      "seed": 3
    },
    {
      "overall_test_auc": 0.9160143734031485,
      "per_tr": {
        "25": {
          "n_seqs": 656273,
          "pos_rate": 0.2973366379737854,
          "test_auc": 0.9245037261973736
        },
        "26": {
          "n_seqs": 638570,
          "pos_rate": 0.3139420747756958,
          "test_auc": 0.9089534180403096
        },
        "27": {
          "n_seqs": 632173,
          "pos_rate": 0.30762940645217896,
          "test_auc": 0.9138617974862187
        }
      },
      "seed": 4
    },
    {
      "overall_test_auc": 0.9156775617260952,
      "per_tr": {
        "25": {
          "n_seqs": 656273,
          "pos_rate": 0.2973366379737854,
          "test_auc": 0.9239381120559241
        },
        "26": {
          "n_seqs": 638570,
          "pos_rate": 0.3139420747756958,
          "test_auc": 0.9093194504011796
        },
        "27": {
          "n_seqs": 632173,
          "pos_rate": 0.30762940645217896,
          "test_auc": 0.9135454121439945
        }
      },
      "seed": 5
    },
    {
      "overall_test_auc": 0.9162569446831634,
      "per_tr": {
        "25": {
          "n_seqs": 656273,
          "pos_rate": 0.2973366379737854,
          "test_auc": 0.9242814491952911
        },
        "26": {
          "n_seqs": 638570,
          "pos_rate": 0.3139420747756958,
          "test_auc": 0.909273145596299
        },
        "27": {
          "n_seqs": 632173,
          "pos_rate": 0.30762940645217896,
          "test_auc": 0.9144607963430096
        }
      },
      "seed": 6
    },
    {
      "overall_test_auc": 0.9162864290014257,
      "per_tr": {
        "25": {
          "n_seqs": 656273,
          "pos_rate": 0.2973366379737854,
          "test_auc": 0.9244998129583464
        },
        "26": {
          "n_seqs": 638570,
          "pos_rate": 0.3139420747756958,
          "test_auc": 0.9098049901063667
        },
        "27": {
          "n_seqs": 632173,
          "pos_rate": 0.30762940645217896,
          "test_auc": 0.9141754123004008
        }
      },
      "seed": 7
    },
    {
      "overall_test_auc": 0.9159242019313976,
      "per_tr": {
        "25": {
          "n_seqs": 656273,
          "pos_rate": 0.2973366379737854,
          "test_auc": 0.9236250503888571
        },
        "26": {
          "n_seqs": 638570,
          "pos_rate": 0.3139420747756958,
          "test_auc": 0.9095826836951518
        },
        "27": {
          "n_seqs": 632173,
          "pos_rate": 0.30762940645217896,
          "test_auc": 0.9140691170837132
        }
      },
      "seed": 8
    }
  ],
  "sigma_init_across_seeds": 0.00042042125346213434,
  "sigma_ratio_tr_over_init": 17.7779056361894,
  "sigma_tr_within_cell_mean": 0.0074742093714982895,
  "standard_seed_paired_ci95_hi": 0.916169504074066,
  "standard_seed_paired_ci95_lo": 0.9156483444888941,
  "test_tr_values": [
    25,
    26,
    27
  ]
}