{
  "ci_width_ratio_cluster_over_standard": 3.673288566044296,
  "cluster_bootstrap_ci95_hi": 0.8656923493903202,
  "cluster_bootstrap_ci95_lo": 0.8424747632036146,
  "cluster_bootstrap_mean": 0.8526159949883557,
  "cluster_bootstrap_n_iters": 10000,
  "cluster_bootstrap_seed": 2026,
  "computed_at": "2026-05-06T12:00:50.747469+00:00",
  "description": "P2.1 LOTO cluster bootstrap on spiking_expand2\u00d7fedavg\u00d7iid (n=10 seeds \u00d7 3 test tr configs)",
  "n_seeds": 10,
  "per_cell": [
    {
      "overall_test_auc": 0.8537498778655458,
      "per_tr": {
        "25": {
          "n_seqs": 656273,
          "pos_rate": 0.2973366379737854,
          "test_auc": 0.8662114104899419
        },
        "26": {
          "n_seqs": 638570,
          "pos_rate": 0.3139420747756958,
          "test_auc": 0.8437662247009685
        },
        "27": {
          "n_seqs": 632173,
          "pos_rate": 0.30762940645217896,
          "test_auc": 0.8501059986223628
        }
      },
      "seed": 42
    },
    {
      "overall_test_auc": 0.851566019851596,
      "per_tr": {
        "25": {
          "n_seqs": 656273,
          "pos_rate": 0.2973366379737854,
          "test_auc": 0.8640691012814521
        },
        "26": {
          "n_seqs": 638570,
          "pos_rate": 0.3139420747756958,
          "test_auc": 0.8433824597177062
        },
        "27": {
          "n_seqs": 632173,
          "pos_rate": 0.30762940645217896,
          "test_auc": 0.8463345093530628
        }
      },
      "seed": 0
    },
    {
      "overall_test_auc": 0.8583343645473166,
      "per_tr": {
        "25": {
          "n_seqs": 656273,
          "pos_rate": 0.2973366379737854,
          "test_auc": 0.8741042709820706
        },
        "26": {
          "n_seqs": 638570,
          "pos_rate": 0.3139420747756958,
          "test_auc": 0.8468777823584602
        },
        "27": {
          "n_seqs": 632173,
          "pos_rate": 0.30762940645217896,
          "test_auc": 0.8529657399027685
        }
      },
      "seed": 1
    },
    {
      "overall_test_auc": 0.8591717556538905,
      "per_tr": {
        "25": {
          "n_seqs": 656273,
          "pos_rate": 0.2973366379737854,
          "test_auc": 0.8705418340354921
        },
        "26": {
          "n_seqs": 638570,
          "pos_rate": 0.3139420747756958,
          "test_auc": 0.8496447439964638
        },
        "27": {
          "n_seqs": 632173,
          "pos_rate": 0.30762940645217896,
          "test_auc": 0.8571835949550148
        }
      },
      "seed": 2
    },
    {
      "overall_test_auc": 0.8557544452328494,
      "per_tr": {
        "25": {
          "n_seqs": 656273,
          "pos_rate": 0.2973366379737854,
          "test_auc": 0.8665621647896855
        },
        "26": {
          "n_seqs": 638570,
          "pos_rate": 0.3139420747756958,
          "test_auc": 0.8458006049187948
        },
        "27": {
          "n_seqs": 632173,
          "pos_rate": 0.30762940645217896,
          "test_auc": 0.8542441232014961
        }
      },
      "seed": 3
    },
    {
      "overall_test_auc": 0.8530909151838381,
      "per_tr": {
        "25": {
          "n_seqs": 656273,
          "pos_rate": 0.2973366379737854,
          "test_auc": 0.8656233663020816
        },
        "26": {
          "n_seqs": 638570,
          "pos_rate": 0.3139420747756958,
          "test_auc": 0.8428269993848829
        },
        "27": {
          "n_seqs": 632173,
          "pos_rate": 0.30762940645217896,
          "test_auc": 0.8507706169279023
        }
      },
      "seed": 4
    },
    {
      "overall_test_auc": 0.8423635212803263,
      "per_tr": {
        "25": {
          "n_seqs": 656273,
          "pos_rate": 0.2973366379737854,
          "test_auc": 0.8553556233794517
        },
        "26": {
          "n_seqs": 638570,
          "pos_rate": 0.3139420747756958,
          "test_auc": 0.8317965562603993
        },
        "27": {
          "n_seqs": 632173,
          "pos_rate": 0.30762940645217896,
          "test_auc": 0.8394260968599623
        }
      },
      "seed": 5
    },
    {
      "overall_test_auc": 0.8464599869664379,
      "per_tr": {
        "25": {
          "n_seqs": 656273,
          "pos_rate": 0.2973366379737854,
          "test_auc": 0.8599686376903597
        },
        "26": {
          "n_seqs": 638570,
          "pos_rate": 0.3139420747756958,
          "test_auc": 0.8334870955352814
        },
        "27": {
          "n_seqs": 632173,
          "pos_rate": 0.30762940645217896,
          "test_auc": 0.8447125828503745
        }
      },
      "seed": 6
    },
    {
      "overall_test_auc": 0.8536450840867716,
      "per_tr": {
        "25": {
          "n_seqs": 656273,
          "pos_rate": 0.2973366379737854,
          "test_auc": 0.8663875238048582
        },
        "26": {
          "n_seqs": 638570,
          "pos_rate": 0.3139420747756958,
          "test_auc": 0.8448393591575406
        },
        "27": {
          "n_seqs": 632173,
          "pos_rate": 0.30762940645217896,
          "test_auc": 0.8493356352854569
        }
      },
      "seed": 7
    },
    {
      "overall_test_auc": 0.8541028098301644,
      "per_tr": {
        "25": {
          "n_seqs": 656273,
          "pos_rate": 0.2973366379737854,
          "test_auc": 0.8680995611478094
        },
        "26": {
          "n_seqs": 638570,
          "pos_rate": 0.3139420747756958,
          "test_auc": 0.8423258060056482
        },
        "27": {
          "n_seqs": 632173,
          "pos_rate": 0.30762940645217896,
          "test_auc": 0.8517488007121573
        }
      },
      "seed": 8
    }
  ],
  "sigma_init_across_seeds": 0.005098893633658322,
  "sigma_ratio_tr_over_init": 2.3410191430135705,
  "sigma_tr_within_cell_mean": 0.011936607604584155,
  "standard_seed_paired_ci95_hi": 0.855984205066015,
  "standard_seed_paired_ci95_lo": 0.8496635510337324,
  "test_tr_values": [
    25,
    26,
    27
  ]
}