{
  "centralized_lstm_results": {
    "1_epoch": {
      "n_test_seqs": 1927016,
      "n_total_steps": 226683,
      "n_train_seqs": 14507705,
      "test_auc": 0.9314053749016353,
      "test_f1": 0.79633742789452
    },
    "3_epoch": {
      "n_test_seqs": 1927016,
      "n_total_steps": 680049,
      "n_train_seqs": 14507705,
      "test_auc": 0.9263850554072284,
      "test_f1": 0.7866469242159106
    }
  },
  "computed_at": "2026-05-06T09:48:52.083519+00:00",
  "config": {
    "batch_size": 64,
    "feature_count": 17,
    "lr": 0.0005,
    "seed": 0
  },
  "phase5_fl_reference": {
    "comment": "FL reference for ML-lift / federation-cost decomposition",
    "lstm_fedavg_natural_test_auc": 0.9159
  }
}