{
  "centralized_ci95_hi": 0.9318153072114859,
  "centralized_ci95_lo": 0.930460438568671,
  "centralized_mean": 0.9311378728900784,
  "centralized_per_seed": {
    "0": 0.9314053749016353,
    "1": 0.9316785884918476,
    "2": 0.930393740966585,
    "3": 0.9302486596809407,
    "4": 0.9319630004093835
  },
  "centralized_std": 0.0007728516290603806,
  "computed_at": "2026-05-06T11:25:09.123720+00:00",
  "description": "R3.3 multi-seed centralized LSTM (1 epoch, 5 seeds 0-4)",
  "federation_cost_ci95_hi": 0.015959833256777887,
  "federation_cost_ci95_lo": 0.014506495968400004,
  "federation_cost_excludes_zero": true,
  "federation_cost_mean": 0.015233164612588945,
  "fl_phase5_n_seeds": 10,
  "fl_phase5_natural_ci95_hi": 0.9161676342340376,
  "fl_phase5_natural_ci95_lo": 0.9156417823209414,
  "fl_phase5_natural_mean": 0.9159047082774895,
  "fl_phase5_natural_std": 0.0004242065707501817,
  "lr_baseline_test_auc": 0.6523,
  "ml_lift_centralized_minus_lr": 0.27883787289007844
}