{
  "arch": "spiking_expand2",
  "batch_size": 64,
  "ckpt": "/home/leo07010/fl-oran-tmc/artifacts/v7_stage2_full/v7_spiking_expand2_fedavg_iid_n7_s1/best.pt",
  "computed_at": "2026-05-07T01:06:02.679689+00:00",
  "finetune_steps": 200,
  "lr": 0.0005,
  "mixed_precision": "fp16",
  "per_bs": {
    "1": {
      "delta_personalised_minus_global": -0.006680683921505781,
      "global_auc": 0.8286322474901219,
      "n_test": 271572,
      "n_train": 2070265,
      "personalised_auc": 0.8219515635686161
    },
    "2": {
      "delta_personalised_minus_global": -0.0035575060301270556,
      "global_auc": 0.8590684064464499,
      "n_test": 275403,
      "n_train": 2036386,
      "personalised_auc": 0.8555109004163228
    },
    "3": {
      "delta_personalised_minus_global": -0.008121712197966424,
      "global_auc": 0.8372296442276199,
      "n_test": 276250,
      "n_train": 2074149,
      "personalised_auc": 0.8291079320296535
    },
    "4": {
      "delta_personalised_minus_global": -0.007042747157744889,
      "global_auc": 0.8660967570429355,
      "n_test": 269915,
      "n_train": 2096310,
      "personalised_auc": 0.8590540098851907
    },
    "5": {
      "delta_personalised_minus_global": -0.004569940760770219,
      "global_auc": 0.8713550297049715,
      "n_test": 275455,
      "n_train": 2077950,
      "personalised_auc": 0.8667850889442013
    },
    "6": {
      "delta_personalised_minus_global": -0.0032651938926623325,
      "global_auc": 0.8826303510519447,
      "n_test": 280107,
      "n_train": 2112057,
      "personalised_auc": 0.8793651571592823
    },
    "7": {
      "delta_personalised_minus_global": -0.004440182660279346,
      "global_auc": 0.8607186010342978,
      "n_test": 278314,
      "n_train": 2040588,
      "personalised_auc": 0.8562784183740184
    }
  },
  "seed": 1,
  "summary": {
    "mean_delta": -0.005382566660150864,
    "n_bs": 7,
    "std_delta": 0.0018844445769455524
  },
  "wall_time_s": 126.71535658836365
}